{
    "faces":[41,0,1,2,3,0,1,2,3,0,0,0,0,41,4,5,6,7,0,1,2,3,1,1,1,1],
    "vertices":[0.5313,0.199999,8.0796,0.5313,0.2,1.4796,0.5313,3.8,1.4796,0.5313,3.8,8.0796,0.3313,0.2,1.4796,0.3313,0.199999,8.0796,0.3313,3.8,8.0796,0.3313,3.8,1.4796],
    "name":"Box001Geometry.1",
    "normals":[1,0,-0,-1,0,-0],
    "metadata":{
        "faces":2,
        "vertices":8,
        "normals":2,
        "uvs":1,
        "type":"Geometry",
        "version":3,
        "generator":"io_three"
    },
    "uvs":[[0,0,1,0,1,1,0,1]]
}