{
    "normals":[0,0,1,0,0,-1,0,-1,-0,1,0,-0,-1,0,-0,-0.999969,0,-0,0.999969,0,-0,-1,-0,0,-1,0,0,0,1,0],
    "name":"Box001Geometry",
    "faces":[41,0,114,78,3,0,1,2,3,0,0,0,0,41,94,79,100,88,0,1,2,3,1,1,1,1,41,99,105,107,124,4,5,6,7,2,2,2,2,41,71,73,74,75,8,9,10,11,0,0,0,0,41,16,17,101,102,12,13,14,15,0,0,0,0,41,80,81,92,93,8,9,10,11,1,1,1,1,41,90,119,82,27,12,13,14,15,1,1,1,1,41,113,26,115,120,16,17,18,19,3,3,3,3,41,23,22,123,31,20,21,22,23,4,5,4,5,41,17,104,109,101,13,24,25,14,0,0,0,0,41,102,0,3,16,15,0,3,12,0,0,0,0,41,119,96,83,82,13,24,25,14,1,1,1,1,41,27,94,88,90,15,0,3,12,1,1,1,1,40,115,26,84,18,17,26,3,3,3,40,84,103,112,26,27,28,3,3,3,40,36,37,38,29,30,31,3,3,3,40,84,112,36,26,28,29,3,3,3,40,38,115,84,31,18,26,3,3,3,40,84,36,38,26,29,31,3,3,3,40,42,18,110,39,32,33,4,4,4,40,110,97,25,33,34,35,4,4,4,40,25,117,40,35,36,37,4,4,4,40,41,42,110,38,39,33,4,4,4,40,110,25,40,33,35,37,4,4,4,40,110,40,41,33,37,38,4,4,4,41,73,106,98,74,9,6,7,10,0,0,0,0,41,75,78,114,71,11,2,1,8,0,0,0,0,41,81,125,108,92,9,6,7,10,1,1,1,1,41,93,100,79,80,11,2,1,8,1,1,1,1,40,46,14,8,45,40,5,3,3,6,40,8,11,21,5,6,41,6,3,6,40,86,87,45,42,43,44,3,3,3,40,8,21,86,5,41,42,6,6,3,40,45,46,8,44,45,5,3,3,6,40,8,86,45,5,42,44,6,3,3,40,111,20,5,50,46,47,3,3,3,40,47,48,111,48,49,50,3,3,3,40,5,47,111,47,48,50,3,3,3,40,123,22,10,22,21,7,4,5,4,40,10,9,13,7,4,51,4,5,4,40,50,51,52,52,53,54,4,4,4,40,10,13,50,7,51,52,4,4,4,40,52,123,10,54,22,7,4,4,4,40,10,50,52,7,52,54,4,4,4,40,55,47,5,58,48,47,3,3,3,40,5,4,53,47,55,56,3,6,3,40,54,55,5,57,58,47,3,3,3,40,5,53,54,47,56,57,3,3,3,40,36,112,85,29,28,59,3,3,3,40,37,36,59,30,29,60,3,3,3,40,38,37,60,31,30,61,3,3,3,40,19,18,42,62,32,39,5,4,4,40,42,41,61,39,38,63,4,4,4,40,41,40,62,38,37,64,4,4,4,41,117,25,91,118,36,35,65,66,4,4,4,4,41,53,4,113,120,56,55,16,19,3,6,3,3,40,54,53,64,57,56,67,3,3,3,40,48,47,55,49,48,58,3,3,3,40,56,57,65,68,69,70,4,4,4,40,57,56,89,69,68,71,4,4,5,40,89,6,66,71,72,73,5,4,4,40,67,57,89,74,69,71,4,4,5,40,89,66,67,71,73,74,5,4,4,40,56,58,57,68,75,69,4,4,4,40,67,66,68,74,73,76,4,4,4,40,126,95,39,68,37,36,7,7,7,40,63,24,7,66,65,3,4,4,4,40,126,39,63,68,36,66,8,8,8,40,63,7,126,66,3,68,4,4,4,41,121,29,28,116,56,19,18,31,3,3,3,3,41,86,21,20,111,42,41,46,50,3,6,3,3,40,76,14,46,77,40,45,6,3,3,40,31,68,66,23,76,73,5,4,4,40,66,6,23,73,72,20,4,4,4,40,66,23,31,73,20,23,4,4,5,40,50,13,72,52,51,78,4,4,4,40,12,1,69,78,79,80,4,4,4,40,70,2,15,81,82,77,3,3,3,40,44,43,49,43,42,50,3,3,3,40,122,30,77,23,22,54,4,4,4,41,32,35,34,33,24,26,24,33,9,9,9,9],
    "uvs":[[1,0.75,1,0.875,0,0.875,0,0.75,0,0,1,0,1,1,0,1,1,0.8887,1,0.9056,0,0.9056,0,0.8887,0,0.7349,0,0.7149,1,0.7149,1,0.7349,0.7349,1,0.7149,1,0.7149,0.9242,0.7349,0.886,0.1113,1,0.0944,1,0.0944,0.8595,0.1113,0.8506,0,0.0143,1,0.0143,0.0143,1,0.0143,0,0.7149,0,0.7149,0.0899,0.7149,0.3478,0.7149,0.7276,0.2851,0,0.9857,0,0.9857,1,0.2851,1,0.2851,0.939,0.2851,0.731,0.2851,0.3538,0.2851,0.0908,0.9056,0,0.9056,1,0.9056,0.8546,0.9056,0.6668,0.9056,0.4203,0.9056,0.0963,0.8887,1,0.875,1,0.875,0.8231,0.875,0.7859,0.8887,0.8524,0.0944,0,0.0944,0.094,0.0944,0.429,0.0944,0.6729,0.75,1,0.75,0.8231,0.8279,0.8231,0.8501,0.8231,0.7349,0,0.7349,0.3001,0.7349,0.5715,0.2651,0,0.2651,0.3017,0.2651,0.5798,0.2651,1,0.2651,0.8907,0.7881,0.7859,0.25,0.8231,0.1809,0.8231,0.21,0.7859,0.25,1,0.125,1,0.125,0.8231,0.1481,0.8231,0.2101,0.8231,0.125,0.7859,0.8887,0,0.1113,0,0.125,0,0.125,0.1607,0.875,0.1582,0.875,0]],
    "vertices":[-8.6657,2e-06,-12.8463,-8.6657,2e-06,-16.8463,-8.4657,2e-06,-16.8463,-8.4657,2e-06,-12.8463,-8.4657,7,-12.8463,-8.4657,7,-16.8463,-8.6657,7,-16.8463,-8.6657,7,-12.8463,-8.4657,2e-06,-20.8463,-8.6657,2e-06,-20.8463,-8.6657,7,-20.8463,-8.4657,7,-20.8463,-8.6657,2e-06,-17.2839,-8.6657,2e-06,-17.8245,-8.4657,2e-06,-17.8245,-8.4657,2e-06,-17.2839,-8.4657,1e-06,-12.363,-8.4657,1e-06,-11.7246,-8.6657,1e-06,-11.7246,-8.6657,1e-06,-12.363,-8.4657,7,-17.2839,-8.4657,7,-17.8245,-8.6657,7,-17.8245,-8.6657,7,-17.2839,-8.6657,7,-12.363,-8.6657,7,-11.7246,-8.4657,7,-11.7246,-8.4657,7,-12.363,-8.4657,6.4692,-11.7246,-8.4657,6.2023,-12.363,-8.6657,6.0166,-17.8245,-8.6657,5.9539,-17.2839,-8.4657,-1e-06,10.6961,-8.6657,-1e-06,10.6961,-8.6657,7,10.6961,-8.4657,7,10.6961,-8.4657,0.629201,-11.7246,-8.4657,2.4349,-11.7246,-8.4657,5.0934,-11.7246,-8.6657,6.5728,-11.7246,-8.6657,5.117,-11.7246,-8.6657,2.4767,-11.7246,-8.6657,0.635601,-11.7246,-8.4657,5.9823,-17.8245,-8.4657,4.6676,-17.8245,-8.4657,2.9419,-17.8245,-8.4657,0.674402,-17.8245,-8.4657,5.7617,-16.8463,-8.4657,5.5016,-16.8463,-8.4657,5.967,-17.2839,-8.6657,0.657802,-17.8245,-8.6657,3.0029,-17.8245,-8.6657,4.7104,-17.8245,-8.4657,5.7617,-12.8463,-8.4657,5.7617,-15.3398,-8.4657,5.7617,-16.048,-8.6657,5.7617,-12.8463,-8.6657,5.7617,-15.0585,-8.6657,5.7617,-14.1217,-8.4657,2.1005,-12.363,-8.4657,4.0007,-12.363,-8.6657,2.1118,-12.363,-8.6657,4.0588,-12.363,-8.6657,6.2347,-12.363,-8.4657,5.5016,-14.0657,-8.6657,5.5016,-14.1274,-8.6657,5.7617,-16.8463,-8.6657,5.7617,-16.1076,-8.6657,5.5016,-16.8463,-8.6657,1.1248,-16.8463,-8.4657,1.1075,-16.8463,-8.6657,2e-06,-17.2839,-8.6657,2e-06,-17.2839,-8.6657,2e-06,-17.8245,-8.4657,2e-06,-17.8245,-8.4657,2e-06,-17.2839,-8.4657,2e-06,-17.2839,-8.6657,4.7104,-17.8245,-8.4657,2e-06,-16.8463,-8.4657,7,-16.8463,-8.4657,7,-17.2839,-8.4657,7,-17.8245,-8.4657,7,-11.7246,-8.4657,7,10.6961,-8.4657,7,10.6961,-8.4657,1e-06,-12.363,-8.4657,5.9823,-17.8245,-8.4657,4.6676,-17.8245,-8.6657,7,-12.8463,-8.6657,7,-12.8463,-8.6657,7,-12.363,-8.6657,7,-12.363,-8.6657,7,-17.8245,-8.6657,7,-17.2839,-8.4657,7,-12.8463,-8.6657,5.117,-11.7246,-8.6657,7,10.6961,-8.6657,7,10.6961,-8.4657,2e-06,-20.8463,-8.4657,2e-06,-20.8463,-8.6657,7,-16.8463,-8.6657,1e-06,-11.7246,-8.6657,1e-06,-12.363,-8.4657,-1e-06,10.6961,-8.4657,-1e-06,10.6961,-8.6657,2e-06,-20.8463,-8.6657,2e-06,-20.8463,-8.6657,7,-20.8463,-8.6657,7,-20.8463,-8.6657,-1e-06,10.6961,-8.6657,-1e-06,10.6961,-8.4657,5.967,-17.2839,-8.4657,1e-06,-11.7246,-8.4657,7,-12.363,-8.6657,2e-06,-16.8463,-8.4657,6.4692,-11.7246,-8.4657,5.0934,-11.7246,-8.6657,6.5728,-11.7246,-8.6657,6.2347,-12.363,-8.6657,7,-11.7246,-8.4657,6.2023,-12.363,-8.4657,5.7617,-12.8463,-8.6657,5.9539,-17.2839,-8.6657,6.0166,-17.8245,-8.4657,7,-20.8463,-8.4657,7,-20.8463,-8.6657,5.7617,-12.8463],
    "metadata":{
        "normals":10,
        "faces":81,
        "uvs":1,
        "vertices":127,
        "generator":"io_three",
        "version":3,
        "type":"Geometry"
    }
}