{
    "metadata":{
        "normals":11,
        "type":"Geometry",
        "version":3,
        "uvs":1,
        "vertices":70,
        "generator":"io_three",
        "faces":34
    },
    "vertices":[-8.6657,2e-06,-12.8463,-8.6657,2e-06,-16.8463,-8.4657,2e-06,-16.8463,-8.4657,2e-06,-12.8463,-8.4657,7,-12.8463,-8.4657,7,-16.8463,-8.6657,7,-16.8463,-8.6657,7,-12.8463,-8.4657,3e-06,-21.8541,-8.6657,3e-06,-21.8541,-8.6657,7,-21.8541,-8.4657,7,-21.8541,-8.6657,2e-06,-17.8541,-8.4657,2e-06,-17.8541,-8.4657,-1e-06,9.7423,-8.6657,-1e-06,9.7423,-8.4657,7,-17.8541,-8.6657,7,-17.8541,-8.6657,7,9.7423,-8.4657,7,9.7423,-8.4657,5.075,-17.8541,-8.4657,5.075,-12.8463,-8.6657,5.075,-12.8463,-8.6657,5.075,-17.8541,-8.4657,5.075,-16.8463,-8.6657,5.075,-16.8463,-8.6657,2e-06,-17.3502,-8.4657,2e-06,-17.3502,-8.6657,5.075,-17.3502,-8.6657,7,-17.3502,-8.4657,7,-17.3502,-8.4657,5.075,-17.3502,-8.6657,-1e-06,9.7423,-8.6657,-1e-06,9.7423,-8.6657,7,9.7423,-8.6657,7,9.7423,-8.4657,2e-06,-16.8463,-8.4657,2e-06,-12.8463,-8.6657,7,-12.8463,-8.6657,2e-06,-17.8541,-8.6657,2e-06,-17.8541,-8.4657,2e-06,-17.8541,-8.4657,2e-06,-17.8541,-8.4657,-1e-06,9.7423,-8.4657,-1e-06,9.7423,-8.4657,7,9.7423,-8.4657,7,9.7423,-8.6657,3e-06,-21.8541,-8.6657,3e-06,-21.8541,-8.6657,7,-21.8541,-8.6657,7,-21.8541,-8.4657,7,-12.8463,-8.4657,7,-16.8463,-8.4657,7,-16.8463,-8.6657,5.075,-17.8541,-8.4657,3e-06,-21.8541,-8.4657,3e-06,-21.8541,-8.4657,7,-21.8541,-8.4657,7,-21.8541,-8.6657,7,-16.8463,-8.6657,7,-16.8463,-8.6657,5.075,-16.8463,-8.4657,7,-17.8541,-8.4657,7,-17.8541,-8.6657,7,-17.8541,-8.6657,7,-17.8541,-8.4657,5.075,-16.8463,-8.6657,2e-06,-12.8463,-8.6657,2e-06,-16.8463,-8.4657,5.075,-17.8541],
    "uvs":[[1,0.75,1,0.875,0,0.875,0,0.75,0,0,1,0,1,1,0,1,0,0.0441,1,0.0441,0.875,0,0.875,1,0.875,0.725,0.75,1,0.0441,1,0.0441,0,0.75,0,0.75,0.725,0.25,0,0.9559,0,0.9559,1,0.25,1,0.25,0.725,0.125,1,0.125,0,0.125,0.725]],
    "name":"Box001Geometry",
    "normals":[0,0,1,0,0,-1,0,-1,-0,1,0,-0,0.999969,0,-0,-1,0,-0,-0.999969,0,-0,0,-0,1,0,-0,-1,1,-0,-0,0,1,0],
    "faces":[41,0,68,36,37,0,1,2,3,0,0,0,0,41,51,53,60,38,0,1,2,3,1,1,1,1,41,55,47,49,57,4,5,6,7,2,2,2,2,41,40,48,56,41,1,6,7,2,0,0,0,0,41,33,0,37,44,9,0,3,8,0,0,0,0,41,63,58,50,65,1,6,7,2,1,1,1,1,41,38,35,46,51,3,8,9,0,1,1,1,1,40,20,13,8,12,10,5,3,3,4,40,8,11,16,5,6,11,4,3,4,40,8,16,20,5,11,12,4,4,3,40,21,4,45,17,13,14,3,3,3,40,45,43,3,14,15,16,3,3,3,40,45,3,21,14,16,17,3,3,3,40,22,67,32,22,18,19,5,5,5,40,32,34,7,19,20,21,5,5,5,40,32,7,22,19,21,22,5,5,5,40,54,17,10,25,23,7,5,6,5,40,10,9,12,7,4,24,5,6,5,40,10,12,54,7,24,25,5,5,5,41,66,5,4,21,12,11,13,17,4,3,3,3,41,22,7,59,25,22,21,23,25,5,5,5,6,41,2,1,26,27,2,1,1,2,7,7,7,7,41,1,61,28,26,24,25,25,24,5,5,5,5,41,61,6,29,28,25,23,23,25,5,5,5,5,41,6,52,30,29,2,1,1,2,8,8,8,8,41,52,24,31,30,11,12,12,11,9,9,9,9,41,24,2,27,31,12,10,10,12,9,9,9,9,41,27,26,39,42,2,1,1,2,7,7,7,7,41,26,28,23,39,24,25,25,24,5,5,5,5,41,28,29,64,23,25,23,23,25,5,5,5,5,41,29,30,62,64,2,1,1,2,8,8,8,8,41,30,31,69,62,11,12,12,11,9,9,9,9,41,31,27,42,69,12,10,10,12,9,9,9,9,41,14,19,18,15,8,14,8,19,10,10,10,10]
}