{
    "faces":[41,18,20,13,23,0,1,2,3,0,0,0,0,41,8,10,15,16,3,0,1,2,1,1,1,1,41,19,22,11,9,3,0,1,2,2,2,2,2,41,3,12,14,5,3,0,1,2,3,4,3,3,41,2,21,17,6,3,0,1,2,5,5,5,5,41,1,0,4,7,3,0,1,2,6,7,7,7],
    "vertices":[-8.6657,-1e-06,10.1537,-8.6657,2e-06,-19.8463,-8.4657,2e-06,-19.8463,-8.4657,-1e-06,10.1537,-8.6657,5,10.1537,-8.4657,5,10.1537,-8.4657,5,-19.8463,-8.6657,5,-19.8463,-8.6657,5,10.1537,-8.6657,5,10.1537,-8.4657,5,10.1537,-8.4657,5,10.1537,-8.4657,2e-06,-19.8463,-8.4657,2e-06,-19.8463,-8.4657,5,-19.8463,-8.4657,5,-19.8463,-8.6657,5,-19.8463,-8.6657,5,-19.8463,-8.6657,-1e-06,10.1537,-8.6657,-1e-06,10.1537,-8.6657,2e-06,-19.8463,-8.6657,2e-06,-19.8463,-8.4657,-1e-06,10.1537,-8.4657,-1e-06,10.1537],
    "uvs":[[1,0,1,1,0,1,0,0]],
    "normals":[0,0,1,0,0,-1,0,1,-0,1,0,-0,0.999969,0,-0,0,-1,-0,-0.999969,0,-0,-1,0,-0],
    "name":"Box001Geometry",
    "metadata":{
        "faces":6,
        "vertices":24,
        "version":3,
        "uvs":1,
        "normals":8,
        "generator":"io_three",
        "type":"Geometry"
    }
}