{
    "metadata":{
        "version":3,
        "generator":"io_three",
        "type":"Geometry",
        "normals":11,
        "faces":28,
        "vertices":64,
        "uvs":1
    },
    "name":"Box001Geometry",
    "uvs":[[1,0.75,1,0.875,0,0.875,0,0.75,0,0,1,0,1,1,0,1,0,0.015,1,0.015,0.875,0,0.875,1,0.875,0.725,0.75,1,0.015,1,0.015,0,0.75,0,0.75,0.725,0.25,0,0.985,0,0.985,1,0.25,1,0.25,0.725,0.125,1,0.125,0,0.125,0.725]],
    "normals":[0,0,1,0,0,-1,0,-1,-0,1,0,-0,0.999969,0,-0,-1,0,-0,-0.999969,0,-0,0,-0,1,0,-0,-1,1,-0,-0,0,1,0],
    "faces":[41,0,1,2,39,0,1,2,3,0,0,0,0,41,54,33,35,62,0,1,2,3,1,1,1,1,41,29,31,49,51,4,5,6,7,2,2,2,2,41,58,32,30,13,1,6,7,2,0,0,0,0,41,46,0,39,61,9,0,3,8,0,0,0,0,41,40,52,50,42,1,6,7,2,1,1,1,1,41,62,48,55,54,3,8,9,0,1,1,1,1,40,28,26,8,12,10,5,3,3,4,40,8,11,16,5,6,11,4,3,4,40,8,16,28,5,11,12,4,4,3,40,21,4,56,17,13,14,3,3,3,40,56,60,3,14,15,16,3,3,3,40,56,3,21,14,16,17,3,3,3,40,22,37,45,22,18,19,5,5,5,40,45,47,7,19,20,21,5,5,5,40,45,7,22,19,21,22,5,5,5,40,44,17,10,25,23,7,5,6,5,40,10,9,12,7,4,24,5,6,5,40,10,12,44,7,24,25,5,5,5,41,24,34,4,21,12,11,13,17,4,3,3,3,41,22,7,6,25,22,21,23,25,5,5,5,6,41,38,59,57,27,2,1,1,2,7,7,7,7,41,59,63,23,57,24,25,25,24,5,5,5,5,41,63,36,43,23,25,23,23,25,5,5,5,5,41,36,5,41,43,2,1,1,2,8,8,8,8,41,5,53,20,41,11,12,12,11,9,9,9,9,41,53,38,27,20,12,10,10,12,9,9,9,9,41,14,19,18,15,8,14,8,19,10,10,10,10],
    "vertices":[-8.6657,2e-06,-12.8463,-8.6657,2e-06,-16.8463,-8.4657,2e-06,-16.8463,-8.4657,2e-06,-12.8463,-8.4657,7,-12.8463,-8.4657,7,-16.8463,-8.6657,7,-16.8463,-8.6657,7,-12.8463,-8.4657,3e-06,-21.3502,-8.6657,3e-06,-21.3502,-8.6657,7,-21.3502,-8.4657,7,-21.3502,-8.6657,2e-06,-17.3502,-8.4657,2e-06,-17.3502,-8.4657,-1e-06,10.6737,-8.6657,-1e-06,10.6737,-8.4657,7,-17.3502,-8.6657,7,-17.3502,-8.6657,7,10.6737,-8.4657,7,10.6737,-8.4657,5.075,-17.3502,-8.4657,5.075,-12.8463,-8.6657,5.075,-12.8463,-8.6657,5.075,-17.3502,-8.4657,5.075,-16.8463,-8.6657,5.075,-16.8463,-8.4657,2e-06,-17.3502,-8.4657,2e-06,-17.3502,-8.4657,5.075,-17.3502,-8.4657,3e-06,-21.3502,-8.4657,3e-06,-21.3502,-8.6657,3e-06,-21.3502,-8.6657,3e-06,-21.3502,-8.4657,7,-16.8463,-8.4657,7,-16.8463,-8.6657,7,-16.8463,-8.6657,7,-16.8463,-8.6657,2e-06,-12.8463,-8.4657,2e-06,-16.8463,-8.4657,2e-06,-12.8463,-8.4657,7,-17.3502,-8.4657,7,-17.3502,-8.6657,7,-17.3502,-8.6657,7,-17.3502,-8.6657,5.075,-17.3502,-8.6657,-1e-06,10.6737,-8.6657,-1e-06,10.6737,-8.6657,7,10.6737,-8.6657,7,10.6737,-8.6657,7,-21.3502,-8.6657,7,-21.3502,-8.4657,7,-21.3502,-8.4657,7,-21.3502,-8.4657,5.075,-16.8463,-8.4657,7,-12.8463,-8.4657,7,10.6737,-8.4657,7,10.6737,-8.6657,2e-06,-17.3502,-8.6657,2e-06,-17.3502,-8.6657,2e-06,-16.8463,-8.4657,-1e-06,10.6737,-8.4657,-1e-06,10.6737,-8.6657,7,-12.8463,-8.6657,5.075,-16.8463]
}