{
    "uvs":[[1,0.75,1,0.875,0,0.875,0,0.75,0,0,1,0,1,1,0,1,1,0.8887,1,0.9056,0,0.9056,0,0.8887,0,0.7349,0,0.7149,1,0.7149,1,0.7349,0.7349,1,0.7149,1,0.7149,0.9242,0.7349,0.886,0.1113,1,0.0944,1,0.0944,0.8595,0.1113,0.8506,0.7149,0,0.7149,0.0899,0.7149,0.3478,0.7149,0.7276,0.2851,0,0.2851,1,0.2851,0.939,0.2851,0.731,0.2851,0.3538,0.2851,0.0908,0.9056,0,0.9056,1,0.9056,0.8546,0.9056,0.6668,0.9056,0.4203,0.9056,0.0963,0.8887,1,0.875,1,0.875,0.8231,0.875,0.7859,0.8887,0.8524,0.0944,0,0.0944,0.094,0.0944,0.429,0.0944,0.6729,0.75,1,0.75,0.8231,0.8279,0.8231,0.8501,0.8231,0.7349,0,0.7349,0.3001,0.7349,0.5715,0.2651,0,0.2651,0.3017,0.2651,0.5798,0.2651,1,0.2651,0.8907,0.7881,0.7859,0.25,0.8231,0.1809,0.8231,0.21,0.7859,0.25,1,0.125,1,0.125,0.8231,0.1481,0.8231,0.2101,0.8231,0.125,0.7859,0.8887,0,0.1113,0,0.125,0,0.125,0.1607,0.875,0.1582,0.875,0]],
    "vertices":[-8.6657,2e-06,-12.8463,-8.6657,2e-06,-16.8463,-8.4657,2e-06,-16.8463,-8.4657,2e-06,-12.8463,-8.4657,7,-12.8463,-8.4657,7,-16.8463,-8.6657,7,-16.8463,-8.6657,7,-12.8463,-8.6657,-1e-06,11.1537,-8.4657,-1e-06,11.1537,-8.4657,7,11.1537,-8.6657,7,11.1537,-8.4657,2e-06,-20.8463,-8.6657,2e-06,-20.8463,-8.6657,7,-20.8463,-8.4657,7,-20.8463,-8.6657,2e-06,-17.2839,-8.6657,2e-06,-17.8245,-8.4657,2e-06,-17.8245,-8.4657,2e-06,-17.2839,-8.4657,1e-06,-12.363,-8.4657,1e-06,-11.7246,-8.6657,1e-06,-11.7246,-8.6657,1e-06,-12.363,-8.4657,7,-17.2839,-8.4657,7,-17.8245,-8.6657,7,-17.8245,-8.6657,7,-17.2839,-8.6657,7,-12.363,-8.6657,7,-11.7246,-8.4657,7,-11.7246,-8.4657,7,-12.363,-8.4657,6.4692,-11.7246,-8.4657,6.2023,-12.363,-8.6657,6.0166,-17.8245,-8.6657,5.9539,-17.2839,-8.4657,0.629201,-11.7246,-8.4657,2.4349,-11.7246,-8.4657,5.0934,-11.7246,-8.6657,6.5728,-11.7246,-8.6657,5.117,-11.7246,-8.6657,2.4767,-11.7246,-8.6657,0.635601,-11.7246,-8.4657,5.9823,-17.8245,-8.4657,4.6676,-17.8245,-8.4657,2.9419,-17.8245,-8.4657,0.674402,-17.8245,-8.4657,5.7617,-16.8463,-8.4657,5.5016,-16.8463,-8.4657,5.967,-17.2839,-8.6657,0.657802,-17.8245,-8.6657,3.0029,-17.8245,-8.6657,4.7104,-17.8245,-8.4657,5.7617,-12.8463,-8.4657,5.7617,-15.3398,-8.4657,5.7617,-16.048,-8.6657,5.7617,-12.8463,-8.6657,5.7617,-15.0585,-8.6657,5.7617,-14.1217,-8.4657,2.1005,-12.363,-8.4657,4.0007,-12.363,-8.6657,2.1118,-12.363,-8.6657,4.0588,-12.363,-8.6657,6.2347,-12.363,-8.4657,5.5016,-14.0657,-8.6657,5.5016,-14.1274,-8.6657,5.7617,-16.8463,-8.6657,5.7617,-16.1076,-8.6657,5.5016,-16.8463,-8.6657,1.1248,-16.8463,-8.4657,1.1075,-16.8463,-8.4657,2e-06,-20.8463,-8.4657,2e-06,-20.8463,-8.6657,2e-06,-20.8463,-8.6657,2e-06,-20.8463,-8.4657,7,-16.8463,-8.4657,7,-17.2839,-8.6657,6.0166,-17.8245,-8.6657,4.7104,-17.8245,-8.6657,7,-20.8463,-8.6657,7,-20.8463,-8.4657,7,-20.8463,-8.4657,7,-20.8463,-8.6657,7,-12.8463,-8.6657,7,-12.8463,-8.6657,7,-12.363,-8.6657,7,-12.363,-8.6657,2e-06,-17.2839,-8.6657,2e-06,-17.2839,-8.4657,1e-06,-12.363,-8.4657,1e-06,-11.7246,-8.4657,5.9823,-17.8245,-8.4657,4.6676,-17.8245,-8.6657,1e-06,-11.7246,-8.6657,1e-06,-12.363,-8.4657,7,-12.8463,-8.6657,5.117,-11.7246,-8.6657,5.9539,-17.2839,-8.6657,7,-16.8463,-8.4657,2e-06,-17.8245,-8.4657,2e-06,-17.2839,-8.4657,2e-06,-17.2839,-8.4657,2e-06,-16.8463,-8.4657,-1e-06,11.1537,-8.4657,-1e-06,11.1537,-8.4657,7,11.1537,-8.4657,7,11.1537,-8.4657,6.4692,-11.7246,-8.4657,6.2023,-12.363,-8.4657,5.967,-17.2839,-8.6657,2e-06,-17.8245,-8.6657,-1e-06,11.1537,-8.6657,-1e-06,11.1537,-8.4657,7,-11.7246,-8.6657,7,-17.8245,-8.6657,7,-17.2839,-8.6657,2e-06,-16.8463,-8.6657,6.5728,-11.7246,-8.6657,6.2347,-12.363,-8.4657,7,-17.8245,-8.4657,7,-12.363,-8.4657,5.0934,-11.7246,-8.4657,5.7617,-12.8463,-8.6657,7,-11.7246,-8.6657,7,11.1537,-8.6657,7,11.1537,-8.6657,5.7617,-12.8463],
    "normals":[0,0,1,0,0,-1,0,1,-0,0,-1,-0,1,0,-0,-1,0,-0,-0.999969,0,-0,0.999969,0,-0,-1,-0,0,-1,0,0],
    "metadata":{
        "version":3,
        "generator":"io_three",
        "type":"Geometry",
        "normals":10,
        "uvs":1,
        "vertices":127,
        "faces":81
    },
    "name":"Box001Geometry",
    "faces":[41,0,116,2,3,0,1,2,3,0,0,0,0,41,95,75,98,83,0,1,2,3,1,1,1,1,41,112,103,105,124,4,5,6,7,2,2,2,2,41,71,73,79,81,4,5,6,7,3,3,3,3,41,88,17,99,100,8,9,10,11,0,0,0,0,41,89,90,93,94,12,13,14,15,0,0,0,0,41,76,119,114,27,8,9,10,11,1,1,1,1,41,85,123,113,120,12,13,14,15,1,1,1,1,41,31,30,107,108,16,17,18,19,4,4,4,4,41,115,26,77,97,20,21,22,23,5,6,5,6,41,90,104,111,93,13,4,5,14,0,0,0,0,41,94,0,3,89,15,0,3,12,0,0,0,0,41,123,125,106,113,13,4,5,14,1,1,1,1,41,120,95,83,85,15,0,3,12,1,1,1,1,40,107,30,10,18,17,7,4,4,4,40,10,9,21,7,4,24,4,4,4,40,36,37,38,25,26,27,4,4,4,40,10,21,36,7,24,25,4,4,4,40,38,107,10,27,18,7,4,4,4,40,10,36,38,7,25,27,4,4,4,40,42,22,8,33,28,5,5,5,5,40,8,11,29,5,6,29,5,5,5,40,29,117,40,29,30,31,5,5,5,40,41,42,8,32,33,5,5,5,5,40,8,29,40,5,29,31,5,5,5,40,8,40,41,5,31,32,5,5,5,41,17,74,72,99,9,6,7,10,0,0,0,0,41,100,2,116,88,11,2,1,8,0,0,0,0,41,119,82,80,114,9,6,7,10,1,1,1,1,41,27,98,75,76,11,2,1,8,1,1,1,1,40,46,18,12,39,34,5,4,4,7,40,12,15,25,5,6,35,7,4,7,40,91,92,45,36,37,38,4,4,4,40,12,25,91,5,35,36,7,7,4,40,45,46,12,38,39,5,4,4,7,40,12,91,45,5,36,38,7,4,4,40,109,24,5,44,40,41,4,4,4,40,47,48,109,42,43,44,4,4,4,40,5,47,109,41,42,44,4,4,4,40,77,26,14,22,21,7,5,6,5,40,14,13,110,7,4,45,5,6,5,40,50,51,78,46,47,48,5,5,5,40,14,110,50,7,45,46,5,5,5,40,78,77,14,48,22,7,5,5,5,40,14,50,78,7,46,48,5,5,5,40,55,47,5,52,42,41,4,4,4,40,5,4,53,41,49,50,4,7,4,40,54,55,5,51,52,41,4,4,4,40,5,53,54,41,50,51,4,4,4,40,36,21,20,25,24,53,4,4,4,40,37,36,59,26,25,54,4,4,4,40,38,37,60,27,26,55,4,4,4,40,23,22,42,56,28,33,6,5,5,40,42,41,61,33,32,57,5,5,5,40,41,40,62,32,31,58,5,5,5,41,117,29,86,118,30,29,59,60,5,5,5,5,41,53,4,31,108,50,49,16,19,4,7,4,4,40,54,53,64,51,50,61,4,4,4,40,48,47,55,43,42,52,4,4,4,40,56,57,65,62,63,64,5,5,5,40,57,56,84,63,62,65,5,5,6,40,84,6,66,65,66,67,6,5,5,40,67,57,84,68,63,65,5,5,6,40,84,66,67,65,67,68,6,5,5,40,56,58,57,62,69,63,5,5,5,40,67,66,68,68,67,70,5,5,5,40,126,96,39,62,31,30,8,8,8,40,63,28,7,60,59,3,5,5,5,40,126,39,63,62,30,60,9,9,9,40,63,7,126,60,3,62,5,5,5,41,122,33,32,121,50,19,18,27,4,4,4,4,41,91,25,24,109,36,35,40,44,4,7,4,4,40,19,18,46,71,34,39,7,4,4,40,97,68,66,23,70,67,6,5,5,40,66,6,115,67,66,20,5,5,5,40,66,115,97,67,20,23,5,5,6,40,50,110,87,46,45,72,5,5,5,40,16,1,69,72,73,74,5,5,5,40,70,102,101,75,76,71,4,4,4,40,44,43,49,37,36,44,4,4,4,40,35,34,52,23,22,48,5,5,5]
}