{
    "vertices":[3.7057,1.3128,0.6679,3.7057,1.3128,-0.0121,2.9851,1.3325,0.0057,2.9851,1.3325,0.7042,2.7385,2.2082,0.6679,3.7385,2.3682,0.8279,3.7385,2.3682,-0.1721,2.7385,2.2082,-0.0121,2.7385,1.5282,0.6679,3.7385,1.3682,0.8279,3.7785,1.4682,0.7279,3.7785,1.4682,-0.0721,3.7785,2.2682,-0.0721,3.7785,2.2682,0.7279,3.7385,1.3682,-0.1721,2.7385,1.5282,-0.0121,3.7385,1.4682,-0.0721,3.7385,1.4682,0.7279,3.7385,2.2682,-0.0721,3.7385,2.2682,0.7279,3.6969,0.8629,-0.0121,3.6969,0.8629,0.6679,2.9764,0.8825,0.0057,2.9764,0.8825,0.7042,2.7385,1.5282,0.6679,3.7385,1.3682,0.8279,3.7385,2.3682,-0.1721,3.7385,2.3682,-0.1721,3.7385,1.3682,-0.1721,3.7385,2.3682,0.8279,3.7385,2.3682,0.8279,2.7385,2.2082,0.6679,2.7385,2.2082,0.6679,2.7385,2.2082,-0.0121,2.7385,2.2082,-0.0121,2.9851,1.3325,0.0057,2.9851,1.3325,0.7042,2.7385,1.5282,-0.0121,3.7785,1.4682,0.7279,3.7785,1.4682,-0.0721,3.7785,2.2682,-0.0721,3.7785,2.2682,0.7279,3.7057,1.3128,-0.0121,3.7057,1.3128,0.6679],
    "metadata":{
        "vertices":44,
        "generator":"io_three",
        "version":3,
        "uvs":1,
        "type":"Geometry",
        "faces":20,
        "normals":19
    },
    "uvs":[[1,0,1,1,0,1,0,0]],
    "faces":[41,0,42,35,36,0,1,2,3,0,0,0,0,41,31,29,6,33,3,0,1,2,1,1,1,1,41,24,25,5,32,3,0,1,2,2,2,2,2,41,38,39,12,13,3,0,1,2,3,3,4,3,41,28,37,34,27,3,0,1,2,5,5,5,5,41,9,14,16,17,3,0,0,3,3,3,3,3,41,14,26,18,16,0,1,1,0,3,3,3,3,41,26,30,19,18,1,2,2,1,6,6,6,6,41,30,9,17,19,2,3,3,2,7,7,7,7,41,17,16,11,10,3,0,0,3,8,8,8,8,41,16,18,40,11,0,1,1,0,9,9,9,9,41,18,19,41,40,1,2,2,1,10,10,10,10,41,19,17,10,41,2,3,3,2,11,11,11,11,41,8,4,7,15,0,2,2,0,12,12,12,12,41,20,1,43,21,1,1,0,0,13,13,13,13,41,22,2,1,20,2,2,1,1,14,14,14,14,41,23,3,2,22,3,3,2,2,15,15,15,15,41,21,43,3,23,0,0,3,3,16,16,16,16,41,15,14,9,8,0,3,3,3,17,17,17,17,41,21,23,22,20,0,3,2,1,18,18,18,18],
    "name":"Box001Geometry",
    "normals":[0.027314,0,-0.999603,-0.157964,0,-0.987426,-0.157964,0.987426,-0,1,0,-0,0.999969,0,-0,-0.157964,-0.987426,-0,1,0,0,1,-0,-0,0,-0,1,0,-1,-0,0,0,-1,0,1,0,-1,0,-0,0.999809,-0,0.019556,-0.024683,-0.999695,-0.00048,-0.999813,0,-0.01933,0.050288,0.998734,0.000978,-0.157991,-0,0.987441,-0.027193,-0,0.99963]
}