{
    "uvs":[[1,0,1,1,0,1,0,0]],
    "faces":[41,25,31,2,17,0,1,2,3,0,0,0,0,41,27,5,6,29,3,0,1,2,1,1,1,1,41,24,16,18,26,3,0,1,2,2,2,2,2,41,21,1,7,23,3,0,1,2,3,3,3,3,41,3,20,8,9,3,0,0,3,4,4,4,4,41,20,22,10,8,0,1,1,0,4,4,4,4,41,22,19,11,10,1,2,2,1,5,5,5,5,41,19,3,9,11,2,3,3,2,6,6,6,6,41,30,0,12,13,3,0,0,3,7,7,7,7,41,0,4,14,12,0,1,1,0,8,8,8,8,41,4,28,15,14,1,2,2,1,8,8,8,8,41,28,30,13,15,2,3,3,2,9,9,9,9],
    "metadata":{
        "type":"Geometry",
        "uvs":1,
        "vertices":32,
        "faces":12,
        "normals":10,
        "version":3,
        "generator":"io_three"
    },
    "vertices":[0.3313,-1e-06,8.2796,0.3313,-0,1.2796,0.5313,-0,1.2796,0.5313,-1e-06,8.2796,0.3313,4,8.2796,0.5313,4,8.2796,0.5313,4,1.2796,0.3313,4,1.2796,0.5313,0.2,1.4796,0.5313,0.199999,8.0796,0.5313,3.8,1.4796,0.5313,3.8,8.0796,0.3313,0.199999,8.0796,0.3313,0.2,1.4796,0.3313,3.8,8.0796,0.3313,3.8,1.4796,0.5313,-1e-06,8.2796,0.5313,-1e-06,8.2796,0.5313,4,8.2796,0.5313,4,8.2796,0.5313,-0,1.2796,0.5313,-0,1.2796,0.5313,4,1.2796,0.5313,4,1.2796,0.3313,-1e-06,8.2796,0.3313,-1e-06,8.2796,0.3313,4,8.2796,0.3313,4,8.2796,0.3313,4,1.2796,0.3313,4,1.2796,0.3313,-0,1.2796,0.3313,-0,1.2796],
    "name":"Box001Geometry",
    "normals":[0,0,1,0,0,-1,0,1,-0,0,-1,-0,1,0,-0,1,0,0,1,-0,-0,-1,0,0,-1,0,-0,-1,-0,-0]
}