{
    "vertices":[-8.82296,0.102307,10.3837,-8.82296,0.10231,-19.6163,-8.62296,0.10231,-19.6163,-8.62296,0.102307,10.3837,-8.82296,5.10231,10.3837,-8.62296,5.10231,10.3837,-8.62296,5.10231,-19.6163,-8.82296,5.10231,-19.6163,-8.82296,5.10231,10.3837,-8.82296,5.10231,10.3837,-8.62296,5.10231,10.3837,-8.62296,5.10231,10.3837,-8.62296,0.10231,-19.6163,-8.62296,0.10231,-19.6163,-8.62296,5.10231,-19.6163,-8.62296,5.10231,-19.6163,-8.82296,5.10231,-19.6163,-8.82296,5.10231,-19.6163,-8.82296,0.102307,10.3837,-8.82296,0.102307,10.3837,-8.82296,0.10231,-19.6163,-8.82296,0.10231,-19.6163,-8.62296,0.102307,10.3837,-8.62296,0.102307,10.3837],
    "faces":[41,18,20,13,23,0,1,2,3,0,0,0,0,41,8,10,15,16,3,0,1,2,1,1,1,1,41,19,22,11,9,3,0,1,2,2,2,2,2,41,3,12,14,5,3,0,1,2,3,4,3,3,41,2,21,17,6,3,0,1,2,5,5,5,5,41,1,0,4,7,3,0,1,2,6,7,7,7],
    "name":"Box001Geometry",
    "normals":[0,0,1,0,0,-1,0,1,-0,1,0,-0,0.999969,0,-0,0,-1,-0,-0.999969,0,-0,-1,0,-0],
    "uvs":[[1,0,1,1,0,1,0,0]],
    "metadata":{
        "vertices":24,
        "normals":8,
        "version":3,
        "generator":"io_three",
        "type":"Geometry",
        "uvs":1,
        "faces":6
    }
}