{
    "vertices":[3.1911,2.5235,2.1957,4.5778,2.5235,2.1957,4.5778,2.5235,4.4907,3.1911,2.5235,4.4907,4.5778,2.8235,2.1957,3.1911,2.8235,2.1957,3.1911,2.8235,4.4907,4.5778,2.8235,4.4907,3.1911,2.5235,4.8432,4.5778,2.5235,4.8432,4.5778,2.8235,4.8432,3.1911,2.8235,4.8432,4.8845,2.5235,4.4907,4.8845,2.5235,2.1957,4.8845,2.8235,2.1957,4.8845,2.8235,4.4907,4.5778,2.5235,1.8432,3.1911,2.5235,1.8432,3.1911,2.8235,1.8432,4.5778,2.8235,1.8432,2.8845,2.5235,2.1957,2.8845,2.5235,4.4907,2.8845,2.8235,4.4907,2.8845,2.8235,2.1957,4.8845,2.5235,1.8432,4.8845,2.8235,1.8432,4.8845,2.8235,4.8432,4.8845,2.5235,4.8432,2.8845,2.5235,4.8432,2.8845,2.8235,4.8432,2.8845,2.8235,1.8432,2.8845,2.5235,1.8432,4.5778,1.0235,1.8432,4.8845,1.0235,1.8432,4.8845,1.0235,2.1957,4.5778,1.0235,2.1957,3.1911,1.0235,2.1957,2.8845,1.0235,2.1957,2.8845,1.0235,1.8432,3.1911,1.0235,1.8432,3.1911,1.0235,4.8432,2.8845,1.0235,4.8432,2.8845,1.0235,4.4907,3.1911,1.0235,4.4907,4.5778,1.0235,4.4907,4.8845,1.0235,4.4907,4.8845,1.0235,4.8432,4.5778,1.0235,4.8432,2.8845,2.8235,4.4907,2.8845,2.8235,2.1957,2.8845,1.0235,4.4907,3.1911,1.0235,4.4907,2.8845,2.8235,4.8432,2.8845,2.8235,4.8432,4.5778,1.0235,4.4907,4.5778,1.0235,4.8432,4.5778,1.0235,1.8432,4.8845,1.0235,1.8432,4.8845,2.5235,4.4907,4.8845,2.5235,4.4907,4.8845,2.5235,2.1957,4.8845,2.5235,2.1957,4.5778,2.8235,1.8432,4.8845,2.8235,1.8432,4.8845,2.8235,1.8432,3.1911,1.0235,2.1957,3.1911,1.0235,1.8432,2.8845,1.0235,4.8432,4.5778,2.5235,1.8432,4.5778,2.5235,1.8432,4.8845,2.5235,1.8432,4.8845,2.5235,1.8432,4.5778,2.5235,4.8432,4.5778,2.5235,4.8432,4.8845,2.5235,4.8432,4.8845,2.5235,4.8432,2.8845,2.8235,1.8432,2.8845,2.8235,1.8432,2.8845,2.5235,1.8432,2.8845,2.5235,1.8432,3.1911,2.5235,2.1957,3.1911,2.5235,1.8432,3.1911,2.5235,1.8432,2.8845,2.5235,2.1957,2.8845,2.5235,2.1957,4.8845,2.8235,4.4907,4.8845,2.8235,4.8432,4.8845,2.8235,4.8432,4.8845,1.0235,2.1957,4.5778,1.0235,2.1957,4.8845,2.8235,2.1957,4.8845,1.0235,4.4907,2.8845,1.0235,2.1957,3.1911,2.8235,1.8432,3.1911,1.0235,4.8432,4.5778,2.8235,4.8432,4.5778,2.5235,4.4907,4.5778,2.5235,2.1957,3.1911,2.5235,4.4907,3.1911,2.5235,4.8432,3.1911,2.5235,4.8432,4.8845,1.0235,4.8432,2.8845,2.5235,4.4907,2.8845,2.5235,4.4907,2.8845,1.0235,1.8432,3.1911,2.8235,4.8432,2.8845,2.5235,4.8432,2.8845,2.5235,4.8432],
    "normals":[0,0,1,0,0,-1,0,1,-0,1,0,-0,0.999969,0,-0,0,-1,-0,-0.999969,0,-0,-1,0,-0,1,0,0,0,1,0,0,-1,-0,0,-1,-0,0,1,0,0,-1,-0,0,1,0,0,1,0,0,-1,-0],
    "metadata":{
        "vertices":108,
        "normals":17,
        "faces":46,
        "uvs":1,
        "type":"Geometry",
        "version":3,
        "generator":"io_three"
    },
    "faces":[41,0,1,96,98,0,1,2,3,0,0,0,0,41,4,5,6,7,0,1,2,3,1,1,1,1,41,100,73,95,105,4,5,6,7,2,2,2,2,41,58,60,90,85,8,9,10,11,3,4,3,4,41,68,17,93,62,4,5,6,7,5,5,5,5,41,83,102,48,49,8,9,10,11,6,7,6,7,41,1,0,81,69,1,0,6,7,0,0,0,0,41,9,8,98,96,4,5,3,2,0,0,0,0,41,19,18,5,4,6,7,1,0,1,1,1,1,41,11,10,7,6,4,5,3,2,1,1,1,1,41,60,71,64,90,9,12,13,10,4,3,3,3,41,85,86,75,58,11,14,15,8,4,3,3,3,41,102,28,52,48,9,12,13,10,7,7,7,6,41,49,76,78,83,11,14,15,8,7,7,7,6,41,1,61,59,96,1,16,17,2,0,0,0,0,41,84,0,98,103,19,0,3,18,0,0,0,0,41,5,23,22,6,1,16,17,2,1,1,1,1,41,7,15,14,4,3,18,19,0,1,1,1,1,41,73,74,87,95,5,12,13,6,2,2,2,2,41,105,53,107,100,7,14,15,4,2,2,2,2,41,17,79,77,93,5,12,13,6,5,5,5,5,41,62,63,70,68,7,14,15,4,5,5,5,5,41,56,57,88,35,7,14,16,1,0,0,0,0,41,36,92,38,66,0,19,13,6,0,0,0,0,41,40,41,50,51,5,12,18,3,0,0,0,0,41,54,91,101,55,2,17,15,4,0,0,0,0,41,18,30,23,5,7,14,16,1,1,1,1,1,41,4,14,25,19,0,19,13,6,1,1,1,1,41,10,26,15,7,5,12,18,3,1,1,1,1,41,6,22,29,11,2,17,15,4,1,1,1,1,41,24,13,34,33,14,16,16,14,8,8,8,8,41,13,97,89,34,16,1,1,16,9,9,9,9,41,97,16,32,89,1,7,7,1,7,7,7,7,41,16,24,33,32,7,14,14,7,10,10,10,10,41,31,82,39,104,13,6,6,13,11,11,11,11,41,82,80,65,39,6,0,0,6,8,8,8,8,41,80,20,37,65,0,19,19,0,12,12,12,12,41,20,31,104,37,19,13,13,19,7,7,7,7,41,106,21,42,67,12,18,18,12,7,7,7,7,41,21,3,43,42,18,3,3,18,13,13,13,13,41,3,99,94,43,3,5,5,3,8,8,8,8,41,99,106,67,94,5,12,12,5,14,14,14,14,41,27,72,47,46,15,4,4,15,15,15,15,15,41,72,2,44,47,4,2,2,4,7,7,7,7,41,2,12,45,44,2,17,17,2,16,16,16,16,41,12,27,46,45,17,15,15,17,8,8,8,8],
    "uvs":[[0.8467,0.8825,0.1533,0.8825,0.1533,0.1175,0.8467,0.1175,0.1533,0,0.8467,0,0.8467,1,0.1533,1,0.1175,0,0.8825,0,0.8825,1,0.1175,1,1,0,1,1,0,1,0,0,0,0.8825,0,0.1175,1,0.1175,1,0.8825]],
    "name":"Box001Geometry"
}