{
    "metadata":{
        "type":"Geometry",
        "generator":"io_three",
        "uvs":1,
        "normals":27,
        "faces":70,
        "version":3,
        "vertices":112
    },
    "name":"Box002Geometry.1",
    "uvs":[[0.6804,0.7734,0.3196,0.7734,0.3196,0.7118,0.6804,0.7118,0,0.3884,0.4341,1,0.203,1,0.203,0.5,0.4341,0.5,1,0.332,0.6537,1,0.3463,1,0.3463,0.7983,0.6537,0.7983,0,0.7983,1,0.7734,1,0.3884,0.5,0.3884,0,0.7734,0.5,0.7734,0.3269,0.7983,0.6537,0.5,0.3463,0.5,0.5,0.5,0.676,0.7734,0.8864,0.7734,0.7964,0.7118,0.586,0.7118,0.5659,0.7985,0.5659,0.332,0.7829,0.332,0.5854,0.4493,0.6314,0.4493,0.9457,0.332,0.8419,0.1875,0.4341,0.1002,0.4341,0.332,0.203,0.332,0.203,0.1002,0.5394,0.1002,0.6048,0.1002,0.571,0.0803,0.5026,0.0402,0.2597,0.3698,0.3165,0.3646,0.5659,0.1002,0.8304,0.1875,0.8255,0.1002,0.4341,0,0.5185,0.0803,0.4763,0.0402,0.5026,0.2902,0.4341,0.0402,0.203,0.375,0.7601,0.3884,0.7836,0.7118,0.9616,0.7118,0.797,0.332,0.797,0.1002,0.203,0,0.203,0.0402,0.203,0.6994,0.6722,0.332,0.3445,0.362,0.5405,0.362,0.2456,0.1002,0.2399,0.7118,0.6804,0.3884,0.7601,0.7118,0.8429,0.7118,0.1136,0.3884,0.0671,0.3884,0.5395,0.7118,0.3196,0.3884,0.324,0.3884,0.8507,0.7117,0.2015,0.7118,0.2399,0.3884,0.3705,0.3884]],
    "normals":[0,-1,-0,0,-0,1,0,0,1,0,0,-1,0,-0,-1,0,0.999989,-0.00475,0,-0.004627,-0.999989,-1,-0,-0,-0,1,-0,-1,0,-0,0,-0.999989,0.00475,1,0,-0,0,1,-0,0,1,0,0,-0,1,0,0.004627,0.999989,0,1,1e-06,0,0,1,0,-1,0,-1,0,0,1,-0,-0,0,-0.305984,-0.952037,0,-0.305984,-0.952036,0,0,-1,1,0,0,-0.83947,0,-0.543406,0.83947,0,-0.543406],
    "faces":[41,0,87,2,3,0,1,2,3,0,0,0,0,41,91,92,6,7,4,4,4,4,1,1,1,1,41,110,98,100,11,5,6,7,8,2,2,2,2,41,80,81,14,15,9,9,9,9,3,3,3,3,41,90,101,94,19,10,11,12,13,0,0,0,0,41,95,18,20,21,14,14,14,14,1,1,1,1,41,1,96,22,23,15,15,15,15,3,3,3,3,41,24,25,26,27,16,16,17,17,0,0,0,0,41,28,29,25,24,15,15,16,16,4,4,4,4,41,30,31,32,33,18,18,19,19,5,5,5,5,41,34,35,31,30,4,4,18,18,6,6,6,6,41,89,95,21,36,11,13,20,11,7,7,7,7,41,85,102,16,84,21,10,11,22,3,3,3,3,41,38,29,28,39,19,15,15,19,8,8,8,8,41,39,28,24,27,19,15,16,17,9,9,9,9,41,40,35,34,41,17,4,4,17,10,10,10,10,41,41,34,30,33,17,4,18,19,11,11,11,11,41,20,18,17,37,20,14,11,23,11,11,11,11,41,32,31,35,40,19,18,4,17,9,9,9,9,41,26,25,29,38,17,16,15,19,11,11,11,11,41,36,21,20,37,22,20,14,23,12,12,12,12,41,23,22,42,43,24,25,26,27,13,13,13,13,41,26,38,39,27,17,19,19,17,14,14,14,14,41,32,40,41,33,19,17,17,19,15,15,15,15,41,93,80,15,45,28,29,30,31,11,11,11,11,41,45,15,14,46,32,30,33,34,16,16,16,16,41,82,48,86,83,35,36,37,38,0,0,0,0,41,51,52,104,47,39,30,9,40,9,9,9,9,41,53,54,55,56,41,42,43,44,12,12,12,12,41,93,45,46,57,45,31,46,47,17,17,17,17,41,58,59,60,61,48,48,42,42,18,18,18,18,41,62,63,59,58,48,48,48,48,2,2,2,2,41,64,65,66,67,49,49,50,50,13,13,13,13,41,111,108,54,107,48,8,51,52,19,19,19,19,41,67,62,58,61,50,48,48,42,20,20,20,20,41,54,108,10,55,42,48,53,43,12,12,12,12,40,54,53,107,51,41,52,9,9,9,40,64,67,61,49,50,42,11,11,11,41,64,61,60,65,49,42,42,49,21,21,21,21,41,103,70,71,97,54,4,55,56,19,19,19,19,41,13,12,44,106,57,29,45,58,0,0,0,0,41,63,62,67,66,48,48,50,50,12,12,12,12,41,99,8,68,73,59,48,52,60,0,0,0,0,41,105,107,53,56,61,52,41,44,22,22,22,22,41,49,104,52,74,9,9,9,9,23,23,23,23,41,74,52,51,75,62,9,40,63,16,16,16,16,41,75,51,47,50,64,40,40,65,2,2,2,2,41,74,75,50,49,9,63,65,37,20,20,20,20,40,10,9,105,53,6,60,20,20,20,40,105,56,55,60,44,43,24,24,24,40,105,55,10,60,43,53,24,24,24,41,81,57,46,14,9,58,46,33,7,7,7,7,40,60,59,63,42,48,48,9,9,9,40,66,65,60,50,49,42,9,9,9,40,63,66,60,48,50,42,9,9,9,40,87,88,2,1,66,2,0,0,0,41,4,69,72,3,67,54,68,3,0,0,0,0,41,92,109,78,6,4,4,4,4,1,1,1,1,41,7,70,103,91,4,4,4,4,2,2,2,2,40,22,71,42,25,69,26,13,13,13,41,6,78,79,43,70,71,72,27,12,12,12,12,41,2,5,4,3,2,73,67,3,0,0,0,0,41,42,7,6,43,26,74,70,27,12,12,12,12,41,79,78,109,76,75,71,4,76,20,20,20,20,41,88,77,5,2,66,77,73,2,0,0,0,0,40,72,0,3,68,0,3,0,0,0,41,71,70,7,42,69,78,74,26,12,12,12,12,40,79,23,43,72,24,27,8,8,8,41,96,97,71,22,15,68,55,25,25,25,25,25,41,23,79,76,1,15,72,76,1,26,26,26,26],
    "vertices":[-1.2169,4.3748,3.7343,-0.4954,4.3748,3.7343,-0.4954,4.1284,3.7343,-1.2169,4.1284,3.7343,-1.2169,2.8348,3.7343,-0.4954,2.8348,3.7343,-0.4954,2.8348,4.2343,-1.2169,2.8348,4.2343,-0.7244,1.4011,3.7343,-0.2621,1.4011,3.7343,-0.2621,1.4011,4.2343,-0.7244,1.4011,4.2343,-0.9879,2.7293,3.7343,-1.4503,2.7293,3.7343,-1.4503,2.7293,4.2343,-0.9879,2.7293,4.2343,-1.1636,5.2814,3.7343,-0.5487,5.2814,3.7343,-0.5487,4.4745,3.7343,-1.1636,4.4745,3.7343,-0.5487,4.4745,4.2343,-1.1636,4.4745,4.2343,-1.2169,4.3748,4.2343,-0.4954,4.3748,4.2343,-0.2689,4.0992,2.7736,0.0807,4.0992,2.7736,0.0807,3.6992,2.7736,-0.2689,3.6992,2.7736,-0.2689,4.0992,4.1136,0.0807,4.0992,4.1136,-1.4697,4.1341,4.1389,-1.8193,4.1341,4.1389,-1.8193,3.7341,4.1408,-1.4697,3.7341,4.1408,-1.4697,4.1279,2.7989,-1.8193,4.1279,2.7989,-1.1636,5.2814,4.2343,-0.5487,5.2814,4.2343,0.0807,3.6992,4.1136,-0.2689,3.6992,4.1136,-1.8193,3.7279,2.8008,-1.4697,3.7279,2.8008,-1.2169,4.1284,4.2343,-0.4954,4.1284,4.2343,-0.9879,1.8018,3.7343,-0.9879,1.8018,4.2343,-1.4503,1.8018,4.2343,-0.7244,1.8018,3.7343,-0.7244,2.7293,3.7343,-0.2621,2.7293,3.7343,-0.2621,1.8018,3.7343,-0.7244,1.8018,4.2343,-0.7244,2.7293,4.2343,-0.7244,1.7225,4.2343,-0.7244,1.5618,4.2343,-0.2621,1.5618,4.2343,-0.2621,1.7225,4.2343,-1.4503,1.8018,3.7343,-0.9954,1.4011,3.7343,-1.4657,1.4011,3.7343,-1.4657,1.5618,3.7343,-0.9954,1.5618,3.7343,-0.9954,1.4011,4.2343,-1.4657,1.4011,4.2343,-0.9954,1.7225,4.2343,-1.4657,1.7225,4.2343,-1.4657,1.5618,4.2343,-0.9954,1.5618,4.2343,-0.7244,1.5618,3.7343,-1.3764,2.8348,3.7343,-1.3764,2.8348,4.2343,-1.3764,4.1284,4.2343,-1.3764,4.1284,3.7343,-0.2621,1.5618,3.7343,-0.2621,2.7293,4.2343,-0.2621,1.8018,4.2343,-0.3359,4.1284,3.7343,-0.3359,2.8348,3.7343,-0.3359,2.8348,4.2343,-0.3359,4.1284,4.2343,-0.9879,2.7293,3.7343,-1.4503,2.7293,3.7343,-0.7244,1.8018,3.7343,-0.2621,1.8018,3.7343,-1.1636,5.2814,4.2343,-0.5487,5.2814,4.2343,-0.2621,2.7293,3.7343,-0.4954,4.3748,3.7343,-0.3359,4.1284,3.7343,-1.1636,5.2814,3.7343,-1.1636,5.2814,3.7343,-1.2169,2.8348,3.7343,-0.4954,2.8348,3.7343,-0.9879,1.8018,3.7343,-0.5487,4.4745,3.7343,-1.1636,4.4745,3.7343,-1.2169,4.3748,3.7343,-1.3764,4.1284,3.7343,-0.2621,1.4011,3.7343,-0.2621,1.4011,3.7343,-0.2621,1.4011,4.2343,-0.5487,5.2814,3.7343,-0.5487,5.2814,3.7343,-1.3764,2.8348,3.7343,-0.7244,2.7293,3.7343,-0.2621,1.5618,3.7343,-1.4503,1.8018,3.7343,-0.7244,1.5618,3.7343,-0.7244,1.4011,4.2343,-0.3359,2.8348,3.7343,-0.7244,1.4011,3.7343,-0.7244,1.4011,3.7343]
}